{"schemaVersion":"1.0","appDefinitionTemplate":{"id":"/providers/Microsoft.PowerApps/apps/","type":"Microsoft.PowerApps/apps","tags":{"primaryDeviceWidth":"1366","primaryDeviceHeight":"768","supportsPortrait":"true","supportsLandscape":"true","primaryFormFactor":"Tablet","publisherVersion":"3.22091.11","minimumRequiredApiVersion":"2.2.0","hasComponent":"false","hasUnlockedComponent":"false","isUnifiedRootApp":"false","sienaVersion":"20220926T235840Z-3.22091.11.0"},"properties":{"appVersion":"2022-09-26T23:58:40Z","lifeCycleId":"Published","createdByClientVersion":{"major":3,"minor":22091,"build":11,"revision":0,"majorRevision":0,"minorRevision":0},"minClientVersion":{"major":3,"minor":22091,"build":11,"revision":0,"majorRevision":0,"minorRevision":0},"backgroundColor":"RGBA(0,176,240,1)","backgroundImageUri":"/17379994907273815461/N1bd1729d-49a1-43c1-90e7-13fc2e8c1e30-logoSmallFile","displayName":"store","description":"","commitMessage":"","appUris":{"documentUri":{"value":"/17379994907273815461/Ndc3ef990-57e7-4e86-a781-e1341485549e-document.msapp"},"imageUris":[],"additionalUris":[]},"createdTime":"0001-01-01T00:00:00Z","lastModifiedTime":"0001-01-01T00:00:00Z","sharedGroupsCount":0,"sharedUsersCount":0,"icons":{"smallIconUri":"/17379994907273815461/N0ebe7c38-913e-4f98-892d-c6ea6f5a3806-small.png","mediumIconUri":"/17379994907273815461/N7877afed-cf5b-4c97-9981-37fdcfc7f927-medium.png","largeIconUri":"/17379994907273815461/N909ea44a-6021-4836-9977-eebb81582125-large.png","wideIconUri":"/17379994907273815461/N12ababc3-fbf8-4042-b2fd-c1583caf5fc1-wide.png"},"connectionReferences":{"07f735ef-9eee-4660-b91d-8b7c88c1464f":{"id":"eb95e842-9d41-4c27-9660-8d799416002c","displayName":"Logic flows","iconUri":"https://connectoricons-prod.azureedge.net/releases/v1.0.1534/1.0.1534.2605/logicflows/icon.png","dataSources":["Copyof-getSiteCollections"],"dependencies":["4595db41-17e3-4a93-94e1-ca713869844a","cc5fd335-e5d8-46dc-8e26-a632f56caa3a"],"dependents":[],"parameterHints":{"workflowName":{"value":"31dbdd76-70b5-462f-8a2d-225df3fc4504"},"workflowEntityId":{},"4595db41-17e3-4a93-94e1-ca713869844a":{"value":"shared_sharepointonline"},"cc5fd335-e5d8-46dc-8e26-a632f56caa3a":{"value":"shared_office365groups"}},"parameterHintsV2":{"workflowName":{"value":"31dbdd76-70b5-462f-8a2d-225df3fc4504"},"workflowEntityId":{},"shared_sharepointonline":{"value":"4595db41-17e3-4a93-94e1-ca713869844a"},"shared_office365groups":{"value":"cc5fd335-e5d8-46dc-8e26-a632f56caa3a"}},"isOnPremiseConnection":false,"dataSets":{},"apiTier":"Standard","isCustomApiConnection":false,"nestedActions":[{"id":"/providers/Microsoft.PowerApps/apis/shared_sharepointonline/apiOperations/HttpRequest","apiName":"SharePoint","actionName":"HttpRequest","referencedResources":[{"key":"site","value":"https://kevinnichols1321-admin.sharepoint.com"},{"key":"site","value":"[DYNAMIC_VALUE]"}]},{"id":"/providers/Microsoft.PowerApps/apis/shared_sharepointonline/apiOperations/GetItems","apiName":"SharePoint","actionName":"GetItems","referencedResources":[{"key":"site","value":"https://kevinnichols1321.sharepoint.com/sites/SCI"},{"key":"list","value":"7a0931e3-a4ff-4027-8db9-9196aa1bf6ea"}]},{"id":"/providers/Microsoft.PowerApps/apis/shared_sharepointonline/apiOperations/PostItem","apiName":"SharePoint","actionName":"PostItem","referencedResources":[{"key":"site","value":"https://kevinnichols1321.sharepoint.com/sites/SCI"},{"key":"list","value":"7a0931e3-a4ff-4027-8db9-9196aa1bf6ea"}]},{"id":"/providers/Microsoft.PowerApps/apis/shared_office365groups/apiOperations/HttpRequest","apiName":"Office 365 Groups","actionName":"HttpRequest","referencedResources":[]}]},"4595db41-17e3-4a93-94e1-ca713869844a":{"id":"7eea495b-225a-4fbf-87ab-981c30855ddc","displayName":"SharePoint","iconUri":"https://connectoricons-prod.azureedge.net/releases/v1.0.1591/1.0.1591.2961/sharepointonline/icon.png","dataSources":[],"dependencies":[],"dependents":["07f735ef-9eee-4660-b91d-8b7c88c1464f"],"parameterHints":{},"parameterHintsV2":{},"isOnPremiseConnection":false,"dataSets":{},"apiTier":"Standard","isCustomApiConnection":false},"cc5fd335-e5d8-46dc-8e26-a632f56caa3a":{"id":"7368b081-f3f4-4c21-b781-315d6da83485","displayName":"Office 365 Groups","iconUri":"https://connectoricons-prod.azureedge.net/releases/v1.0.1588/1.0.1588.2938/office365groups/icon.png","dataSources":[],"dependencies":[],"dependents":["07f735ef-9eee-4660-b91d-8b7c88c1464f"],"parameterHints":{},"parameterHintsV2":{},"isOnPremiseConnection":false,"dataSets":{},"apiTier":"Standard","isCustomApiConnection":false}},"databaseReferences":{},"almMode":"Environment","performanceOptimizationEnabled":true,"canConsumeAppPass":true,"enableModernRuntimeMode":false,"executionRestrictions":{"isTeamsOnly":false,"dataLossPreventionEvaluationResult":{"status":"Compliant","lastEvaluationDate":"2022-09-26T23:58:58.028692Z","violations":[],"violationsByPolicy":[],"violationErrorMessage":"The app uses the following connectors: shared_logicflows, shared_sharepointonline, shared_office365groups."},"httpActionRestriction":{"appUsesSharepointHttpAction":true,"enforcementStrategy":"Legacy","evaluationTime":"2022-09-26T23:58:58.0286211Z"}}},"appType":"ClassicCanvasApp","appComponents":[]}}