{"name":"bcdcc5ed-8e17-4e32-a1c6-ad11b17a47b1","id":"/providers/Microsoft.Flow/flows/bcdcc5ed-8e17-4e32-a1c6-ad11b17a47b1","type":"Microsoft.Flow/flows","properties":{"apiId":"/providers/Microsoft.PowerApps/apis/shared_logicflows","displayName":"Copy of - getSiteCollections","definition":{"metadata":{"workflowEntityId":null,"processAdvisorMetadata":null,"flowclientsuspensionreason":"None","flowclientsuspensiontime":null,"flowclientsuspensionreasondetails":null,"creator":{"id":"8c0d75a7-d867-4a4d-97c9-5cfdfbd53a3c","type":"User","tenantId":"2a21662b-bf9f-4d47-9e3d-d5f6d14dd375"},"provisioningMethod":"FromDefinition","failureAlertSubscription":true,"clientLastModifiedTime":"2022-09-26T23:57:49.2924793Z"},"$schema":"https://schema.management.azure.com/providers/Microsoft.Logic/schemas/2016-06-01/workflowdefinition.json#","contentVersion":"1.0.0.0","parameters":{"$connections":{"defaultValue":{},"type":"Object"},"$authentication":{"defaultValue":{},"type":"SecureObject"}},"triggers":{"manual":{"metadata":{"operationMetadataId":"7ad51db8-0099-4eba-93f2-d83d68f8139b"},"type":"Request","kind":"PowerApp","inputs":{"schema":{"type":"object","properties":{},"required":[]}}}},"actions":{"Get_Admin_Center_Site_Collection_Inventory":{"runAfter":{},"metadata":{"operationMetadataId":"e2b73e6c-9f95-4796-801a-6cef3f2ec2bc"},"type":"OpenApiConnection","inputs":{"host":{"apiId":"/providers/Microsoft.PowerApps/apis/shared_sharepointonline","connectionName":"shared_sharepointonline","operationId":"HttpRequest"},"parameters":{"dataset":"https://kevinnichols1321-admin.sharepoint.com","parameters/method":"GET","parameters/uri":"/_api/web/lists/getbytitle('DO_NOT_DELETE_SPLIST_TENANTADMIN_AGGREGATED_SITECOLLECTIONS')/items?$select=SiteUrl, SiteOwnerEmail, SiteId , TemplateName, GroupId"},"authentication":{"value":"@json(decodeBase64(triggerOutputs().headers['X-MS-APIM-Tokens']))['$ConnectionKey']","type":"Raw"}}},"Parse_JSON":{"runAfter":{"Get_Admin_Center_Site_Collection_Inventory":["Succeeded"]},"metadata":{"operationMetadataId":"0624b3c5-0398-4d4f-8841-8caa1a3db59f"},"type":"ParseJson","inputs":{"content":"@body('Get_Admin_Center_Site_Collection_Inventory')","schema":{"type":"object","properties":{"d":{"type":"object","properties":{"results":{"type":"array","items":{"type":"object","properties":{"__metadata":{"type":"object","properties":{"id":{"type":"string"},"uri":{"type":"string"},"etag":{"type":"string"},"type":{"type":"string"}}},"SiteId":{"type":"string"},"SiteUrl":{"type":"string"},"SiteOwnerEmail":{"type":["string","null"]},"TemplateName":{"type":"string"},"GroupId":{"type":"string"}},"required":["__metadata","GroupId","SiteId","SiteUrl","SiteOwnerEmail","TemplateName"]}}}}}}}},"INIT_ADMINS_ARRAY":{"runAfter":{"Parse_JSON":["Succeeded"]},"metadata":{"operationMetadataId":"10ab7fbb-7ca0-4510-bc57-748b4b3a473c"},"type":"InitializeVariable","inputs":{"variables":[{"name":"Admins","type":"array","value":[]}]}},"Loop_All_Admin_Center_Results":{"foreach":"@body('Parse_JSON')?['d']?['results']","actions":{"Get_items":{"runAfter":{"Compose":["Succeeded"]},"metadata":{"operationMetadataId":"1c32efce-e721-43d9-b470-1b52b2dded82"},"type":"OpenApiConnection","inputs":{"host":{"apiId":"/providers/Microsoft.PowerApps/apis/shared_sharepointonline","connectionName":"shared_sharepointonline","operationId":"GetItems"},"parameters":{"dataset":"https://kevinnichols1321.sharepoint.com/sites/SCI/","table":"7a0931e3-a4ff-4027-8db9-9196aa1bf6ea","$filter":"SiteUrl eq '@{outputs('URL_to_String')}'"},"authentication":{"value":"@json(decodeBase64(triggerOutputs().headers['X-MS-APIM-Tokens']))['$ConnectionKey']","type":"Raw"}}},"Find_Non_Group_Connected_Sites_Not_already_in_SCI":{"actions":{"Get_Group_Names":{"runAfter":{},"metadata":{"operationMetadataId":"a6bfaa12-a79a-4f5e-9451-86af3bcfa112"},"type":"OpenApiConnection","inputs":{"host":{"apiId":"/providers/Microsoft.PowerApps/apis/shared_sharepointonline","connectionName":"shared_sharepointonline","operationId":"HttpRequest"},"parameters":{"dataset":"@items('Loop_All_Admin_Center_Results')?['SiteUrl']","parameters/method":"GET","parameters/uri":"_api/web?$expand=AssociatedOwnerGroup,AssociatedMemberGroup,AssociatedVisitorGroup"},"authentication":{"value":"@json(decodeBase64(triggerOutputs().headers['X-MS-APIM-Tokens']))['$ConnectionKey']","type":"Raw"}}},"Get_Site_Admins":{"runAfter":{"Get_Group_Names":["Succeeded"]},"metadata":{"operationMetadataId":"3a4a8f1d-bfb0-4f8d-bd59-fdfeebf5a53e"},"type":"OpenApiConnection","inputs":{"host":{"apiId":"/providers/Microsoft.PowerApps/apis/shared_sharepointonline","connectionName":"shared_sharepointonline","operationId":"HttpRequest"},"parameters":{"dataset":"@items('Loop_All_Admin_Center_Results')?['SiteUrl']","parameters/method":"GET","parameters/uri":"_api/Web/SiteUsers?$filter=IsSiteAdmin eq true"},"authentication":{"value":"@json(decodeBase64(triggerOutputs().headers['X-MS-APIM-Tokens']))['$ConnectionKey']","type":"Raw"}}},"Parse_Admins_Result":{"runAfter":{"Get_Site_Admins":["Succeeded"]},"metadata":{"operationMetadataId":"54a171fb-cc88-4b8a-8190-364b1ef944c8"},"type":"ParseJson","inputs":{"content":"@body('Get_Site_Admins')","schema":{"type":"object","properties":{"d":{"type":"object","properties":{"results":{"type":"array","items":{"type":"object","properties":{"__metadata":{"type":"object","properties":{"id":{"type":"string"},"uri":{"type":"string"},"type":{"type":"string"}}},"Alerts":{"type":"object","properties":{"__deferred":{"type":"object","properties":{"uri":{"type":"string"}}}}},"Groups":{"type":"object","properties":{"__deferred":{"type":"object","properties":{"uri":{"type":"string"}}}}},"Id":{"type":"integer"},"IsHiddenInUI":{"type":"boolean"},"LoginName":{"type":"string"},"Title":{"type":"string"},"PrincipalType":{"type":"integer"},"Email":{"type":"string"},"Expiration":{"type":"string"},"IsEmailAuthenticationGuestUser":{"type":"boolean"},"IsShareByEmailGuestUser":{"type":"boolean"},"IsSiteAdmin":{"type":"boolean"},"UserId":{},"UserPrincipalName":{}},"required":["__metadata","Alerts","Groups","Id","IsHiddenInUI","LoginName","Title","PrincipalType","Email","Expiration","IsEmailAuthenticationGuestUser","IsShareByEmailGuestUser","IsSiteAdmin","UserId","UserPrincipalName"]}}}}}}}},"Create_item":{"runAfter":{"Append_to_array_variable_2":["Succeeded"]},"metadata":{"operationMetadataId":"08228d50-e70b-4e8c-a8aa-ee35a59ee736"},"type":"OpenApiConnection","inputs":{"host":{"apiId":"/providers/Microsoft.PowerApps/apis/shared_sharepointonline","connectionName":"shared_sharepointonline","operationId":"PostItem"},"parameters":{"dataset":"https://kevinnichols1321.sharepoint.com/sites/sci","table":"7a0931e3-a4ff-4027-8db9-9196aa1bf6ea","item/SiteUrl":"@items('Loop_All_Admin_Center_Results')?['SiteUrl']","item/SiteOwner":"@variables('Owners')","item/SiteAdmin":"@variables('Admins')","item/Template":"@items('Loop_All_Admin_Center_Results')?['TemplateName']"},"authentication":{"value":"@json(decodeBase64(triggerOutputs().headers['X-MS-APIM-Tokens']))['$ConnectionKey']","type":"Raw"}}},"Admin_Loop":{"foreach":"@body('Parse_Admins_Result')?['d']?['results']","actions":{"Append_to_array_variable":{"runAfter":{"Compose_3":["Succeeded"]},"metadata":{"operationMetadataId":"02a0588c-03e8-4208-adca-36b16bca145b"},"type":"AppendToArrayVariable","inputs":{"name":"Admins","value":"@outputs('Compose_3')"}},"Compose_3":{"runAfter":{},"metadata":{"operationMetadataId":"4d424fe1-f096-4073-ba43-0e3b86714aa2"},"type":"Compose","inputs":{"Claims":"i:0#.f|membership|@{items('Admin_Loop')?['Email']}"}}},"runAfter":{"Parse_Admins_Result":["Succeeded"]},"metadata":{"operationMetadataId":"a70a9a53-36a1-4a95-a0ed-94b0eeacc317"},"type":"Foreach"},"Clear_Admin_Var":{"runAfter":{"Create_item":["Succeeded"]},"metadata":{"operationMetadataId":"c33238e3-8196-4f9a-a745-a738c64fd77c"},"type":"SetVariable","inputs":{"name":"Admins","value":[]}},"Clear_Owner_Var":{"runAfter":{"Clear_Admin_Var":["Succeeded"]},"metadata":{"operationMetadataId":"9571fb51-fc3c-4fd5-8806-9e26b3bc3a98"},"type":"SetVariable","inputs":{"name":"Owners","value":[]}},"Append_to_array_variable_2":{"runAfter":{"Admin_Loop":["Succeeded"]},"metadata":{"operationMetadataId":"04b5fee1-ee78-4862-854f-a1a84b4c464c"},"type":"AppendToArrayVariable","inputs":{"name":"Owners","value":"@outputs('Compose_2')"}}},"runAfter":{"Get_items":["Succeeded"]},"expression":{"and":[{"equals":["@empty(outputs('Get_items')?['body/value'])","@true"]},{"contains":["@outputs('URL_to_String')","/sites/"]},{"not":{"contains":["@outputs('Template_to_String')","GROUP"]}},{"contains":["@outputs('Compose')","00000000-0000-0000-0000-000000000000"]}]},"metadata":{"operationMetadataId":"1cf7b05a-8e0e-4274-aa6d-69ac9d2218b9"},"type":"If"},"URL_to_String":{"runAfter":{},"metadata":{"operationMetadataId":"55d49774-0c35-45d2-b2db-c23237565507"},"type":"Compose","inputs":"@items('Loop_All_Admin_Center_Results')?['SiteUrl']"},"Template_to_String":{"runAfter":{"URL_to_String":["Succeeded"]},"metadata":{"operationMetadataId":"ab7b58d7-181a-4aba-8b36-8a00a7d95bc6"},"type":"Compose","inputs":"@items('Loop_All_Admin_Center_Results')?['TemplateName']"},"Compose_2":{"runAfter":{"Template_to_String":["Succeeded"]},"metadata":{"operationMetadataId":"4fa77a94-2519-4936-9c30-6e0a240e28c7"},"type":"Compose","inputs":{"Claims":"@{items('Loop_All_Admin_Center_Results')?['SiteOwnerEmail']}"}},"Find_Group_Connected_Sites_Not_already_in_SCI":{"actions":{"Get_Group_Names_2":{"runAfter":{},"metadata":{"operationMetadataId":"a6bfaa12-a79a-4f5e-9451-86af3bcfa112"},"type":"OpenApiConnection","inputs":{"host":{"apiId":"/providers/Microsoft.PowerApps/apis/shared_sharepointonline","connectionName":"shared_sharepointonline","operationId":"HttpRequest"},"parameters":{"dataset":"@items('Loop_All_Admin_Center_Results')?['SiteUrl']","parameters/method":"GET","parameters/uri":"_api/web/allproperties"},"authentication":{"value":"@json(decodeBase64(triggerOutputs().headers['X-MS-APIM-Tokens']))['$ConnectionKey']","type":"Raw"}}},"Parse_Admins_Result_2":{"runAfter":{"Send_an_HTTP_request":["Succeeded"]},"metadata":{"operationMetadataId":"54a171fb-cc88-4b8a-8190-364b1ef944c8"},"type":"ParseJson","inputs":{"content":"@body('Send_an_HTTP_request')","schema":{"type":"object","properties":{"@@odata.context":{"type":"string"},"value":{"type":"array","items":{"type":"object","properties":{"@@odata.type":{"type":"string"},"id":{"type":"string"},"businessPhones":{"type":"array","items":{"type":"string"}},"displayName":{"type":"string"},"givenName":{"type":"string"},"jobTitle":{},"mail":{"type":"string"},"mobilePhone":{},"officeLocation":{},"preferredLanguage":{"type":"string"},"surname":{"type":"string"},"userPrincipalName":{"type":"string"}},"required":["@@odata.type","id","businessPhones","displayName","givenName","jobTitle","mail","mobilePhone","officeLocation","preferredLanguage","surname","userPrincipalName"]}}}}}},"Clear_Admin_Var_2":{"runAfter":{"Create_item_2":["Succeeded"]},"metadata":{"operationMetadataId":"c33238e3-8196-4f9a-a745-a738c64fd77c"},"type":"SetVariable","inputs":{"name":"Admins","value":[]}},"Clear_Owner_Var_2":{"runAfter":{"Clear_Admin_Var_2":["Succeeded"]},"metadata":{"operationMetadataId":"9571fb51-fc3c-4fd5-8806-9e26b3bc3a98"},"type":"SetVariable","inputs":{"name":"Owners","value":[]}},"Parse_JSON_2":{"runAfter":{"Get_Group_Names_2":["Succeeded"]},"metadata":{"operationMetadataId":"e1821ce3-1100-42a8-a50d-6a27479695e1"},"type":"ParseJson","inputs":{"content":"@body('Get_Group_Names_2')","schema":{"type":"object","properties":{"d":{"type":"object","properties":{"__metadata":{"type":"object","properties":{"id":{"type":"string"},"uri":{"type":"string"},"type":{"type":"string"}}},"GroupId":{"type":"string"}}}}}}},"Compose_4":{"runAfter":{"Parse_JSON_2":["Succeeded"]},"metadata":{"operationMetadataId":"db62fec7-225c-4392-b81c-528624bb992c"},"type":"Compose","inputs":"@body('Parse_JSON_2')?['d']?['GroupId']"},"Create_item_2":{"runAfter":{"Apply_to_each":["Succeeded"]},"metadata":{"operationMetadataId":"e6b27c7d-bd39-41ae-81f5-2655bac152e8"},"type":"OpenApiConnection","inputs":{"host":{"apiId":"/providers/Microsoft.PowerApps/apis/shared_sharepointonline","connectionName":"shared_sharepointonline","operationId":"PostItem"},"parameters":{"dataset":"https://kevinnichols1321.sharepoint.com/sites/sci","table":"7a0931e3-a4ff-4027-8db9-9196aa1bf6ea","item/SiteUrl":"@items('Loop_All_Admin_Center_Results')?['SiteUrl']","item/SiteOwner":"@variables('Owners')","item/Template":"@items('Loop_All_Admin_Center_Results')?['TemplateName']"},"authentication":{"value":"@json(decodeBase64(triggerOutputs().headers['X-MS-APIM-Tokens']))['$ConnectionKey']","type":"Raw"}}},"Send_an_HTTP_request":{"runAfter":{"Compose_4":["Succeeded"]},"metadata":{"operationMetadataId":"1a693120-4d99-4bfa-a66e-8197b60e056b"},"type":"OpenApiConnection","inputs":{"host":{"apiId":"/providers/Microsoft.PowerApps/apis/shared_office365groups","connectionName":"shared_office365groups","operationId":"HttpRequest"},"parameters":{"Uri":"https://graph.microsoft.com/v1.0/groups/@{outputs('Compose_4')}/owners","Method":"GET","ContentType":"application/json"},"authentication":{"value":"@json(decodeBase64(triggerOutputs().headers['X-MS-APIM-Tokens']))['$ConnectionKey']","type":"Raw"}}},"Apply_to_each":{"foreach":"@body('Parse_Admins_Result_2')?['value']","actions":{"Compose_5":{"runAfter":{},"metadata":{"operationMetadataId":"bf860138-51a4-4926-820c-50d94d91d6ad"},"type":"Compose","inputs":{"Claims":"i:0#.f|membership|@{items('Apply_to_each')?['mail']}"}},"Append_to_array_variable_3":{"runAfter":{"Compose_5":["Succeeded"]},"metadata":{"operationMetadataId":"2ef1b03c-e0bc-43ee-896a-5c90851f0184"},"type":"AppendToArrayVariable","inputs":{"name":"Owners","value":"@outputs('Compose_5')"}}},"runAfter":{"Parse_Admins_Result_2":["Succeeded"]},"metadata":{"operationMetadataId":"f41903ea-cbfb-4f94-981a-594411bf4da3"},"type":"Foreach"}},"runAfter":{"Find_Non_Group_Connected_Sites_Not_already_in_SCI":["Succeeded"]},"expression":{"and":[{"equals":["@empty(outputs('Get_items')?['body/value'])","@true"]},{"contains":["@outputs('URL_to_String')","/sites/"]},{"contains":["@outputs('Template_to_String')","GROUP"]},{"not":{"contains":["@outputs('Compose')","00000000-0000-0000-0000-000000000000"]}}]},"metadata":{"operationMetadataId":"1cf7b05a-8e0e-4274-aa6d-69ac9d2218b9"},"type":"If"},"Compose":{"runAfter":{"Compose_2":["Succeeded"]},"metadata":{"operationMetadataId":"8c80ec4e-1146-4f9c-b60b-25fd3fbc3cb4"},"type":"Compose","inputs":"@items('Loop_All_Admin_Center_Results')?['GroupId']"}},"runAfter":{"Initialize_variable":["Succeeded"]},"metadata":{"operationMetadataId":"2abf7b01-cba7-4886-8c13-3633b2a84399"},"type":"Foreach"},"Initialize_variable":{"runAfter":{"INIT_ADMINS_ARRAY":["Succeeded"]},"metadata":{"operationMetadataId":"e789fedf-89fb-4284-9942-364bd9c319c7"},"type":"InitializeVariable","inputs":{"variables":[{"name":"Owners","type":"array","value":[]}]}}}},"connectionReferences":{"shared_sharepointonline":{"connectionName":"shared-sharepointonl-d519294a-137c-42bc-9db3-926e679522ef","source":"Invoker","id":"/providers/Microsoft.PowerApps/apis/shared_sharepointonline","tier":"NotSpecified"},"shared_office365groups":{"connectionName":"shared-office365grou-e3b42590-6fbc-4ede-a166-3bb8cfc86d48","source":"Invoker","id":"/providers/Microsoft.PowerApps/apis/shared_office365groups","tier":"NotSpecified"}},"flowFailureAlertSubscribed":false,"isManaged":false}}